Id,split
1,train
2,train
3,train
4,train
5,train
6,train
7,train
8,train
9,train
10,train
11,train
12,train
13,train
14,train
15,train
16,validation
17,train
18,train
19,train
20,train
21,train
22,train
23,train
24,validation
25,train
26,train
27,train
28,train
29,train
30,validation
31,validation
32,train
33,validation
34,train
35,train
36,train
37,train
38,train
39,train
40,train
41,train
42,train
43,train
44,validation
45,validation
46,train
47,train
48,train
49,train
50,validation
51,train
52,validation
53,train
54,train
55,train
56,train
57,validation
58,train
59,validation
60,validation
61,train
62,train
63,train
64,validation
65,train
66,validation
67,train
68,validation
69,train
70,train
71,validation
72,train
73,train
74,train
75,train
76,train
77,validation
78,train
79,validation
80,train
81,train
82,validation
83,train
84,train
85,train
86,train
87,train
88,train
89,train
90,train
91,train
92,train
93,train
94,train
95,train
96,train
97,train
98,train
99,train
100,validation
101,train
102,validation
103,train
104,train
105,train
106,train
107,train
108,validation
109,train
110,train
111,train
112,validation
113,train
114,train
115,train
116,validation
117,train
118,train
119,train
120,train
121,train
122,train
123,train
124,validation
125,train
126,train
127,train
128,train
129,validation
130,train
131,train
132,train
133,train
134,train
135,train
136,train
137,train
138,train
139,train
140,train
141,train
142,validation
143,train
144,train
145,train
146,train
147,train
148,train
149,train
150,train
151,train
152,train
153,train
154,train
155,train
156,train
157,train
158,train
159,train
160,train
161,train
162,train
163,train
164,validation
165,train
166,train
167,train
168,train
169,validation
170,train
171,train
172,train
173,train
174,train
175,train
176,validation
177,train
178,train
179,train
180,train
181,train
182,train
183,train
184,train
185,validation
186,train
187,train
188,train
189,train
190,train
191,train
192,train
193,validation
194,train
195,train
196,train
197,validation
198,train
199,validation
200,train
201,train
202,train
203,train
204,validation
205,train
206,train
207,train
208,train
209,validation
210,train
211,train
212,train
213,train
214,train
215,train
216,train
217,train
218,train
219,validation
220,train
221,validation
222,train
223,train
224,train
225,train
226,train
227,train
228,train
229,train
230,train
231,train
232,validation
233,train
234,validation
235,train
236,train
237,train
238,validation
239,train
240,validation
241,validation
242,train
243,train
244,train
245,validation
246,train
247,train
248,validation
249,train
250,train
251,train
252,train
253,train
254,train
255,train
256,train
257,train
258,train
259,train
260,validation
261,train
262,validation
263,train
264,train
265,train
266,train
267,train
268,train
269,train
270,train
271,validation
272,validation
273,train
274,train
275,validation
276,validation
277,train
278,validation
279,train
280,train
281,train
282,train
283,train
284,train
285,train
286,train
287,train
288,train
289,train
290,validation
291,train
292,train
293,train
294,train
295,train
296,train
297,train
298,validation
299,train
300,train
301,train
302,train
303,train
304,train
305,train
306,train
307,validation
308,train
309,train
310,validation
311,validation
312,train
313,train
314,train
315,train
316,train
317,validation
318,train
319,train
320,train
321,train
322,train
323,validation
324,train
325,validation
326,train
327,train
328,train
329,train
330,train
331,train
332,train
333,validation
334,train
335,train
336,train
337,train
338,train
339,train
340,validation
341,train
342,train
343,train
344,train
345,validation
346,train
347,train
348,train
349,train
350,train
351,validation
352,validation
353,train
354,validation
355,validation
356,train
357,train
358,train
359,validation
360,train
361,train
362,validation
363,train
364,validation
365,train
366,validation
367,train
368,validation
369,train
370,train
371,train
372,validation
373,train
374,train
375,validation
376,train
377,train
378,train
379,train
380,train
381,train
382,train
383,validation
384,train
385,train
386,train
387,train
388,train
389,train
390,train
391,train
392,train
393,train
394,train
395,validation
396,train
397,train
398,train
399,validation
400,train
401,train
402,train
403,train
404,train
405,train
406,train
407,train
408,train
409,train
410,train
411,train
412,validation
413,train
414,validation
415,train
416,validation
417,validation
418,train
419,train
420,train
421,train
422,train
423,validation
424,validation
425,train
426,validation
427,validation
428,validation
429,validation
430,validation
431,train
432,train
433,validation
434,validation
435,train
436,train
437,train
438,train
439,train
440,train
441,train
442,train
443,train
444,train
445,train
446,train
447,train
448,train
449,train
450,train
451,train
452,validation
453,train
454,validation
455,train
456,train
457,train
458,train
459,train
460,train
461,train
462,train
463,train
464,train
465,validation
466,train
467,train
468,train
469,train
470,train
471,train
472,train
473,train
474,train
475,train
476,train
477,train
478,train
479,validation
480,validation
481,train
482,train
483,train
484,train
485,train
486,train
487,train
488,train
489,train
490,train
491,validation
492,train
493,train
494,train
495,validation
496,train
497,train
498,train
499,train
500,train
501,train
502,train
503,train
504,train
505,train
506,train
507,train
508,train
509,train
510,train
511,train
512,train
513,train
514,train
515,train
516,train
517,train
518,train
519,train
520,train
521,train
522,train
523,validation
524,train
525,train
526,train
527,validation
528,train
529,validation
530,validation
531,train
532,train
533,validation
534,train
535,train
536,validation
537,train
538,train
539,validation
540,train
541,train
542,train
543,train
544,validation
545,train
546,train
547,train
548,train
549,train
550,train
551,train
552,train
553,train
554,train
555,validation
556,train
557,train
558,train
559,validation
560,train
561,train
562,train
563,train
564,train
565,train
566,train
567,train
568,validation
569,train
570,train
571,train
572,validation
573,train
574,train
575,train
576,validation
577,validation
578,train
579,train
580,train
581,train
582,validation
583,train
584,train
585,validation
586,validation
587,train
588,train
589,validation
590,validation
591,validation
592,validation
593,train
594,train
595,train
596,train
597,train
598,validation
599,validation
600,validation
601,train
602,train
603,validation
604,train
605,train
606,train
607,train
608,validation
609,train
610,train
611,train
612,train
613,train
614,train
615,validation
616,train
617,train
618,train
619,train
620,validation
621,validation
622,train
623,train
624,train
625,train
626,train
627,train
628,train
629,validation
630,train
631,train
632,train
633,train
634,train
635,validation
636,train
637,validation
638,train
639,train
640,train
641,train
642,train
643,train
644,validation
645,train
646,train
647,train
648,train
649,train
650,validation
651,train
652,validation
653,train
654,train
655,train
656,train
657,train
658,train
659,train
660,train
661,train
662,train
663,train
664,train
665,train
666,train
667,train
668,train
669,train
670,validation
671,validation
672,train
673,validation
674,train
675,validation
676,train
677,train
678,validation
679,train
680,validation
681,validation
682,train
683,validation
684,train
685,train
686,train
687,train
688,train
689,train
690,train
691,train
692,validation
693,train
694,validation
695,train
696,validation
697,train
698,train
699,train
700,train
701,train
702,train
703,train
704,train
705,train
706,train
707,train
708,validation
709,train
710,train
711,train
712,validation
713,train
714,train
715,train
716,train
717,train
718,train
719,validation
720,train
721,validation
722,train
723,validation
724,train
725,train
726,train
727,train
728,train
729,train
730,train
731,train
732,train
733,train
734,validation
735,train
736,train
737,validation
738,train
739,train
740,train
741,train
742,train
743,train
744,train
745,validation
746,train
747,validation
748,train
749,train
750,train
751,train
752,train
753,train
754,train
755,validation
756,validation
757,train
758,train
759,train
760,train
761,train
762,train
763,train
764,train
765,train
766,validation
767,train
768,train
769,train
770,train
771,train
772,train
773,validation
774,train
775,validation
776,train
777,train
778,validation
779,train
780,train
781,train
782,validation
783,validation
784,train
785,train
786,train
787,train
788,train
789,validation
790,train
791,train
792,train
793,train
794,train
795,train
796,train
797,validation
798,train
799,train
800,train
801,train
802,train
803,validation
804,train
805,train
806,train
807,validation
808,train
809,train
810,train
811,train
812,validation
813,validation
814,train
815,train
816,train
817,train
818,validation
819,train
820,train
821,train
822,train
823,train
824,train
825,train
826,train
827,train
828,train
829,train
830,train
831,train
832,train
833,train
834,train
835,train
836,train
837,validation
838,train
839,validation
840,train
841,train
842,train
843,train
844,validation
845,train
846,train
847,validation
848,train
849,train
850,train
851,train
852,train
853,train
854,train
855,train
856,validation
857,train
858,train
859,train
860,train
861,train
862,train
863,train
864,train
865,train
866,validation
867,train
868,train
869,train
870,train
871,train
872,train
873,train
874,train
875,validation
876,train
877,train
878,train
879,train
880,train
881,train
882,validation
883,train
884,train
885,train
886,train
887,train
888,validation
889,train
890,train
891,train
892,train
893,validation
894,train
895,validation
896,train
897,train
898,train
899,validation
900,train
901,train
902,train
903,train
904,train
905,train
906,train
907,validation
908,validation
909,train
910,train
911,validation
912,train
913,train
914,train
915,train
916,validation
917,validation
918,validation
919,train
920,train
921,train
922,train
923,validation
924,train
925,train
926,validation
927,train
928,train
929,train
930,train
931,validation
932,train
933,train
934,train
935,train
936,train
937,train
938,validation
939,train
940,validation
941,train
942,train
943,train
944,train
945,train
946,train
947,validation
948,train
949,validation
950,train
951,train
952,train
953,validation
954,train
955,train
956,train
957,train
958,train
959,validation
960,train
961,train
962,train
963,train
964,train
965,train
966,train
967,validation
968,train
969,train
970,train
971,train
972,train
973,train
974,train
975,train
976,train
977,train
978,train
979,train
980,validation
981,train
982,train
983,train
984,train
985,validation
986,train
987,train
988,train
989,train
990,validation
991,validation
992,train
993,train
994,train
995,validation
996,train
997,train
998,train
999,validation
1000,train
1001,train
1002,validation
1003,train
1004,train
1005,train
1006,train
1007,validation
1008,train
1009,train
1010,validation
1011,train
1012,train
1013,train
1014,train
1015,train
1016,train
1017,train
1018,train
1019,validation
1020,train
1021,train
1022,train
1023,train
1024,train
1025,validation
1026,train
1027,train
1028,validation
1029,train
1030,train
1031,train
1032,train
1033,validation
1034,validation
1035,train
1036,train
1037,validation
1038,train
1039,train
1040,train
1041,validation
1042,validation
1043,validation
1044,train
1045,train
1046,train
1047,validation
1048,validation
1049,train
1050,validation
1051,train
1052,train
1053,train
1054,validation
1055,validation
1056,train
1057,train
1058,train
1059,train
1060,train
1061,train
1062,validation
1063,train
1064,train
1065,train
1066,train
1067,train
1068,train
1069,train
1070,train
1071,train
1072,train
1073,train
1074,train
1075,train
1076,train
1077,train
1078,train
1079,validation
1080,train
1081,train
1082,train
1083,train
1084,train
1085,train
1086,validation
1087,train
1088,train
1089,validation
1090,validation
1091,train
1092,train
1093,validation
1094,train
1095,validation
1096,train
1097,train
1098,train
1099,train
1100,train
1101,train
1102,validation
1103,validation
1104,train
1105,train
1106,validation
1107,train
1108,train
1109,validation
1110,train
1111,train
1112,train
1113,train
1114,validation
1115,train
1116,train
1117,train
1118,train
1119,train
1120,train
1121,validation
1122,train
1123,train
1124,train
1125,train
1126,validation
1127,train
1128,train
1129,train
1130,train
1131,train
1132,validation
1133,validation
1134,validation
1135,validation
1136,train
1137,train
1138,train
1139,validation
1140,train
1141,train
1142,train
1143,train
1144,train
1145,train
1146,train
1147,train
1148,train
1149,train
1150,train
1151,train
1152,train
1153,train
1154,train
1155,train
1156,train
1157,validation
1158,train
1159,train
1160,validation
1161,validation
1162,train
1163,train
1164,validation
1165,validation
1166,train
1167,train
1168,train
1169,train
1170,train
1171,validation
1172,train
1173,train
1174,validation
1175,train
1176,validation
1177,train
1178,validation
1179,validation
1180,train
1181,train
1182,train
1183,train
1184,train
1185,train
1186,train
1187,train
1188,train
1189,train
1190,train
1191,train
1192,train
1193,train
1194,train
1195,train
1196,train
1197,train
1198,train
1199,train
1200,train
1201,train
1202,validation
1203,train
1204,train
1205,train
1206,train
1207,train
1208,train
1209,train
1210,train
1211,train
1212,train
1213,train
1214,train
1215,train
1216,train
1217,validation
1218,train
1219,train
1220,train
1221,validation
1222,validation
1223,train
1224,train
1225,train
1226,train
1227,validation
1228,train
1229,validation
1230,train
1231,train
1232,train
1233,validation
1234,train
1235,train
1236,train
1237,train
1238,train
1239,train
1240,train
1241,validation
1242,train
1243,train
1244,validation
1245,train
1246,train
1247,train
1248,train
1249,train
1250,validation
1251,train
1252,train
1253,validation
1254,train
1255,train
1256,train
1257,train
1258,train
1259,train
1260,train
1261,train
1262,train
1263,train
1264,train
1265,train
1266,validation
1267,train
1268,train
1269,train
1270,validation
1271,train
1272,validation
1273,validation
1274,train
1275,train
1276,train
1277,train
1278,train
1279,train
1280,validation
1281,train
1282,train
1283,train
1284,train
1285,train
1286,train
1287,train
1288,train
1289,train
1290,train
1291,train
1292,validation
1293,train
1294,validation
1295,train
1296,train
1297,train
1298,train
1299,train
1300,validation
1301,train
1302,train
1303,train
1304,train
1305,train
1306,train
1307,validation
1308,train
1309,train
1310,train
1311,train
1312,train
1313,train
1314,train
1315,train
1316,train
1317,train
1318,validation
1319,train
1320,train
1321,validation
1322,train
1323,train
1324,train
1325,train
1326,train
1327,train
1328,train
1329,train
1330,train
1331,train
1332,validation
1333,train
1334,validation
1335,train
1336,train
1337,train
1338,train
1339,train
1340,train
1341,validation
1342,train
1343,train
1344,train
1345,validation
1346,train
1347,train
1348,validation
1349,train
1350,train
1351,train
1352,train
1353,train
1354,train
1355,train
1356,train
1357,validation
1358,train
1359,validation
1360,train
1361,train
1362,validation
1363,train
1364,train
1365,train
1366,train
1367,train
1368,train
1369,validation
1370,train
1371,train
1372,train
1373,train
1374,train
1375,train
1376,train
1377,train
1378,train
1379,train
1380,train
1381,train
1382,train
1383,train
1384,train
1385,train
1386,train
1387,train
1388,train
1389,train
1390,train
1391,train
1392,train
1393,validation
1394,train
1395,validation
1396,train
1397,train
1398,validation
1399,validation
1400,train
1401,train
1402,train
1403,train
1404,train
1405,train
1406,train
1407,train
1408,train
1409,train
1410,train
1411,validation
1412,train
1413,train
1414,train
1415,validation
1416,train
1417,train
1418,train
1419,train
1420,train
1421,train
1422,validation
1423,train
1424,train
1425,train
1426,train
1427,train
1428,validation
1429,validation
1430,train
1431,validation
1432,train
1433,validation
1434,train
1435,train
1436,train
1437,train
1438,train
1439,train
1440,train
1441,train
1442,train
1443,train
1444,train
1445,train
1446,train
1447,train
1448,validation
1449,train
1450,validation
1451,validation
1452,train
1453,train
1454,train
1455,train
1456,train
1457,train
1458,train
1459,train
1460,train
