epoch,batch_train_mse_standardized,learning_rate
1,0.8660064638477483,0.0003
2,0.35913395375421603,0.0003
3,0.24129348401337453,0.0003
4,0.1819161542474407,0.0003
5,0.16467739633501394,0.0003
6,0.14970351514750965,0.0003
7,0.14040449269830363,0.0003
8,0.12994916592150518,0.0003
9,0.12098157124160087,0.0003
10,0.10415874054170635,0.0003
11,0.10452284643503085,0.0003
12,0.10306034261641438,0.0003
13,0.09182113372299769,0.0003
14,0.08852288490288879,0.0003
15,0.0917504857255988,0.0003
16,0.0879509595158982,0.0003
17,0.07702327278787142,0.0003
18,0.07386729879534408,0.0003
19,0.07598931181104215,0.0003
20,0.06909427283561392,0.0003
21,0.06655631232751559,0.0003
22,0.06158431956212815,0.0003
