model,epoch,batch_train_mse_standardized,train_mse,val_mse,train_rmse,val_rmse,learning_rate
MLP_1_baseline,1,0.520917196796365,0.03845075436883295,0.04055682744296148,0.19608863906109641,0.20138725739967134,0.001
MLP_1_baseline,2,0.17435686433151976,0.020400091159628368,0.027463689679860424,0.14282888769303068,0.165721723620835,0.001
MLP_1_baseline,3,0.11217697913924309,0.014205269671967969,0.020130021682226447,0.11918586187953657,0.1418803075913865,0.001
MLP_1_baseline,4,0.09254009021471625,0.011942482158679378,0.01827710657028278,0.10928166432974645,0.13519284955308392,0.001
MLP_1_baseline,5,0.07869041068096684,0.010426105920041888,0.018421762059129643,0.10210830485343436,0.13572679197243867,0.001
MLP_1_baseline,6,0.0703178242053071,0.009119592384257049,0.01770737780618885,0.09549655692357212,0.1330690715613093,0.001
MLP_1_baseline,7,0.062168633386696856,0.00801877063859716,0.017635971034911685,0.0895475886810871,0.13280049335341976,0.001
MLP_1_baseline,8,0.05440487641177765,0.007821196782373132,0.018328531605914817,0.08843753039503723,0.13538290736246883,0.001
MLP_1_baseline,9,0.04959778599951365,0.006986284456705714,0.018480753507532238,0.08358399641501783,0.1359439351627436,0.001
MLP_1_baseline,10,0.046869987902575974,0.006132433246775818,0.018434454746667526,0.07830985408475627,0.13577354214524834,0.001
MLP_1_baseline,11,0.041156374785589846,0.005197589903024784,0.018383216306727405,0.07209431255671132,0.13558472003410785,0.001
MLP_1_baseline,12,0.03358181014861146,0.004583849235276854,0.018536966633320388,0.06770413011978556,0.13615052931707752,0.001
MLP_1_baseline,13,0.030334413536403277,0.004281891301714211,0.019603967924466663,0.06543616203380369,0.1400141704416616,0.001
MLP_1_baseline,14,0.02696210319456989,0.003436667920569129,0.018960476047228853,0.0586231005710985,0.13769704443897426,0.001
MLP_1_baseline,15,0.025104597108821347,0.005567012774917999,0.0222752626997517,0.07461241702905756,0.14924899564067995,0.001
MLP_1_baseline,16,0.02767275605503827,0.003524099548501647,0.019300841452454358,0.05936412678126115,0.13892746831514047,0.001
MLP_1_baseline,17,0.022075170166280172,0.0026256441632309135,0.018980737973584585,0.05124103983362275,0.1377705990898805,0.001
MLP_1_baseline,18,0.018120603444539522,0.002336931073730005,0.019209358929350443,0.048341814961066626,0.1385978316185013,0.001
MLP_1_baseline,19,0.015652988514263336,0.0021186104895203287,0.019460478956276776,0.0460283661400264,0.13950082062940267,0.0005
MLP_1_baseline,20,0.01399879075892984,0.0019138940913873907,0.019224598140327606,0.04374807528780427,0.13865279708800543,0.0005
MLP_1_baseline,21,0.012879853328205135,0.002349873499438041,0.020251843704586058,0.0484754938029314,0.14230897267771297,0.0005
MLP_1_baseline,22,0.013225285808415446,0.0018294267556407957,0.019811319204088688,0.04277179860189183,0.1407526880883228,0.0005
MLP_1_baseline,23,0.011972054003495467,0.0016189916630222508,0.01950479513264495,0.04023669547840939,0.13965956871136667,0.0005
MLP_1_baseline,24,0.011119596685652863,0.0015310101054923165,0.019707275659323942,0.039128124226600954,0.1403826045467313,0.0005
MLP_1_baseline,25,0.010546225569631956,0.001588097097934898,0.020025442799837784,0.03985093597313491,0.14151128152849787,0.0005
MLP_1_baseline,26,0.011642779446883153,0.0015295002655923704,0.020162962262044004,0.03910882592960789,0.14199634594609822,0.0005
MLP_1_baseline,27,0.009714884122144687,0.0017023277619660172,0.020134137175493325,0.04125927485991504,0.1418948102486251,0.0005
MLP_1_baseline,28,0.011300356446267807,0.0020313861210164872,0.020555986167419715,0.045070901045092135,0.14337358950455176,0.0005
MLP_1_baseline,29,0.010650080934881347,0.0014140256229218948,0.020083657457361802,0.037603532053809716,0.14171682136345637,0.0005
MLP_1_baseline,30,0.00841746090158616,0.0011173166499098054,0.02013555726894591,0.033426286810081154,0.1418998141963051,0.00025
MLP_1_baseline,31,0.008364047038636795,0.0011054745293595505,0.020080757521556823,0.03324867710690984,0.14170658954881676,0.00025
MLP_1_baseline,32,0.007293743540673223,0.0010416861036111325,0.020059529022681568,0.032275162332839356,0.1416316667369327,0.00025
MLP_1_baseline,33,0.007078888800556529,0.0009998168719637965,0.02013977573342829,0.031619880960620274,0.14191467765325858,0.00025
MLP_1_baseline,34,0.006754533872518637,0.0009514482827571702,0.020140105656341334,0.030845555316077067,0.14191584004733698,0.00025
MLP_1_baseline,35,0.0064629602998699225,0.0009252391373983949,0.020190888604487672,0.0304177437920434,0.14209464664260815,0.00025
MLP_1_baseline,36,0.006425652796504636,0.0008890065934007327,0.020283296962177434,0.029816213599327675,0.14241944025370074,0.00025
MLP_1_baseline,37,0.006210591146492795,0.0008750677037581142,0.02024421118434605,0.02958154329574632,0.14228215342883327,0.00025
MLP_1_baseline,38,0.006104077737178807,0.0008465715375646037,0.020215538505362448,0.029095902418804675,0.14218135779827976,0.00025
MLP_1_baseline,39,0.0057192227535255965,0.0008446686746497804,0.020381817451107266,0.029063184179469743,0.14276490272860226,0.00025
MLP_1_baseline,40,0.005723494414418732,0.0008466308079576989,0.02052511920631084,0.029096920936032028,0.14326590385123336,0.00025
MLP_1_baseline,41,0.005335838591348226,0.0007905217344213187,0.020381484176928817,0.028116218352070725,0.1427637355105589,0.000125
MLP_1_baseline,42,0.005211835561243639,0.0007635910725547597,0.020402004696906693,0.027633151694201653,0.14283558624133796,0.000125
MLP_1_baseline,43,0.005113961832113054,0.0007519076011040225,0.020408507385035884,0.027420933629328206,0.14285834727111987,0.000125
MLP_1_baseline,44,0.004965267526878886,0.0007541564225418659,0.020513602190958578,0.027461908574275495,0.14322570366717902,0.000125
MLP_1_baseline,45,0.0050574298948049545,0.0007394861898165235,0.02055335339234675,0.02719349535856918,0.14336440769014724,0.000125
MLP_1_baseline,46,0.004846974245706344,0.0007137230745119352,0.020527173472078768,0.026715596091271016,0.14327307308799783,0.000125
MLP_1_baseline,47,0.004786783417890945,0.0006911576594072019,0.020443446996522258,0.026289877508409998,0.14298058258561636,0.000125
MLP_2_deeper,1,0.5681592226028442,0.04849836083705869,0.04996701678552133,0.22022343389625612,0.2235330328732676,0.001
MLP_2_deeper,2,0.24455989978901327,0.020794729458718374,0.02679832586298747,0.14420377754663147,0.16370194214787884,0.001
MLP_2_deeper,3,0.17279237876199696,0.015952651631587433,0.021340155183618245,0.12630380687686113,0.14608269980945124,0.001
MLP_2_deeper,4,0.12599887627444856,0.013979720919013786,0.019290069573567693,0.11823586984927115,0.13888869490915268,0.001
MLP_2_deeper,5,0.13563706950373847,0.013529585321026175,0.020887425285680376,0.11631674566039997,0.14452482584552861,0.001
MLP_2_deeper,6,0.10862883307958303,0.011209399575773537,0.01875716210036737,0.10587445195028655,0.1369567891722326,0.001
MLP_2_deeper,7,0.09932683449085444,0.00950730204272249,0.01841398482364537,0.09750539494162612,0.1356981386152565,0.001
MLP_2_deeper,8,0.08964085823869052,0.011981202479687697,0.02183287798199131,0.1094586793255231,0.14775952755065005,0.001
MLP_2_deeper,9,0.08613536904935967,0.007716548097790356,0.017803980538794728,0.08784388480588934,0.13343155750719066,0.001
MLP_2_deeper,10,0.08779037019161329,0.0069801181530913855,0.0172239492796559,0.08354710140448551,0.13124004449730997,0.001
MLP_2_deeper,11,0.07056264558883563,0.006847279716425191,0.018532381679343155,0.08274829132027556,0.1361336904639816,0.001
MLP_2_deeper,12,0.06371692210844118,0.005834522288688021,0.018321449643341592,0.07638404472589823,0.13535674953005333,0.001
MLP_2_deeper,13,0.06034386265155387,0.005674256601834849,0.018963739882788783,0.07532766159807995,0.13770889543812623,0.001
MLP_2_deeper,14,0.05744310897098829,0.004873032383864556,0.0184622169071675,0.06980710840497947,0.13587574068673003,0.001
MLP_2_deeper,15,0.056125547022443927,0.005448647724251764,0.019126490718995335,0.07381495596592715,0.13829855646027306,0.001
MLP_2_deeper,16,0.054181812101439256,0.004421016147995619,0.018020935855473562,0.06649072227007027,0.13424207930255536,0.001
MLP_2_deeper,17,0.050452117234060206,0.003783640811008344,0.017838341217337197,0.06151130636727157,0.13356025313444564,0.001
MLP_2_deeper,18,0.047996362594709005,0.004944801005397081,0.01924583292193501,0.07031927904491826,0.13872935133537895,0.001
MLP_2_deeper,19,0.04791625333975439,0.003299475640080967,0.017809527111584053,0.05744106231678665,0.1334523402252057,0.001
MLP_2_deeper,20,0.04387764359684023,0.003109482170899118,0.01787932908657062,0.05576273102080921,0.13371360845692043,0.001
MLP_2_deeper,21,0.0450137674502314,0.002669119249435884,0.017734009048186956,0.05166351952234656,0.1331690994494855,0.001
MLP_2_deeper,22,0.03933963171933612,0.0026168235007542158,0.017822294573167887,0.05115489713364905,0.13350016694059932,0.0005
MLP_2_deeper,23,0.038835330521815446,0.002424070866389782,0.017735983210696457,0.0492348541826802,0.13317651148268023,0.0005
MLP_2_deeper,24,0.03496228204402205,0.002328642360388326,0.017814286326534697,0.04825600854182126,0.13347017017496718,0.0005
MLP_2_deeper,25,0.037350298862342965,0.002370263588696175,0.01842378464604397,0.04868535291744505,0.13573424271731865,0.0005
MLP_2_deeper,26,0.04145478173988323,0.002126884121011878,0.018345990497470377,0.04611815392025008,0.13544737168904525,0.0005
MLP_2_deeper,27,0.03721078771026167,0.00204031706904341,0.018750808872302935,0.04516986903947597,0.13693359292848098,0.0005
MLP_2_deeper,28,0.033485119524475644,0.0021885159873073603,0.01948025144926624,0.046781577435004905,0.13957167137089904,0.0005
MLP_2_deeper,29,0.03719817683713077,0.0023413034820194073,0.019757534494201527,0.04838701770123271,0.14056149719678404,0.0005
MLP_2_deeper,30,0.036576215534994044,0.0021628362824075513,0.01971531058019194,0.046506303684635604,0.14041121956664268,0.0005
MLP_2_deeper,31,0.036855328585697365,0.002074144365328758,0.01931707964379339,0.045542775116682976,0.13898589728383737,0.0005
MLP_2_deeper,32,0.033404698671951685,0.002035223507882951,0.01951431628362688,0.04511345151817749,0.13969365155090935,0.0005
MLP_2_deeper,33,0.03162522029692996,0.0015959217681732968,0.019205797811626655,0.03994898957637473,0.13858498407701555,0.00025
MLP_2_deeper,34,0.03349811548035439,0.0014332227960248455,0.019136537824300855,0.037857929103753754,0.13833487566156574,0.00025
MLP_2_deeper,35,0.029981016194167202,0.0016861917725299633,0.01952156215767494,0.041063265487902484,0.13971958401625356,0.00025
MLP_2_deeper,36,0.032604033637740844,0.0015255604642130196,0.01944552905570977,0.039058423729242064,0.13944722677669058,0.00025
MLP_2_deeper,37,0.029079410260262555,0.0013066200987579546,0.019224877393604126,0.03614720042766735,0.13865380410794406,0.00025
MLP_2_deeper,38,0.028566239133783398,0.0012908059894314,0.01913226925335723,0.03592778854078553,0.13831944640345128,0.00025
MLP_2_deeper,39,0.02958059688545253,0.001503956482994823,0.01917731933473603,0.03878087780072575,0.13848219862038597,0.00025
MLP_2_deeper,40,0.029172870700489986,0.0012936968413237752,0.018916228530368225,0.03596799746057285,0.1375362807784485,0.00025
MLP_2_deeper,41,0.026349401229048428,0.0013365059144308544,0.018925212895311374,0.03655825371145146,0.13756893870097048,0.00025
MLP_2_deeper,42,0.029833324559747357,0.001318217956143249,0.019191786473267566,0.03630727139490448,0.1385344234234494,0.00025
MLP_2_deeper,43,0.028536932389825992,0.0014709835960257673,0.01934299170752603,0.03835340396921461,0.13907908436399066,0.00025
MLP_2_deeper,44,0.030745722608615276,0.0010830146111208664,0.01894250135899029,0.032909187336074806,0.13763175999379754,0.000125
MLP_2_deeper,45,0.02626959346745112,0.0012861983363769449,0.019202982169785207,0.03586360740886149,0.13857482516599184,0.000125
MLP_2_deeper,46,0.026831490510742958,0.0010616437539896102,0.019015000900722355,0.03258287516456475,0.13789489077091419,0.000125
MLP_2_deeper,47,0.027662658579137227,0.0012383761242304118,0.019175628206871978,0.03519056868296407,0.13847609254622972,0.000125
MLP_2_deeper,48,0.029137919210407832,0.0011823224285727714,0.019198755024593932,0.034384915712747814,0.13855957211464653,0.000125
MLP_2_deeper,49,0.026109480145961456,0.001051316515375964,0.019151056502044673,0.03242401140167521,0.1383873422753854,0.000125
MLP_2_deeper,50,0.027081879850936262,0.0010219281823224853,0.01924229191619572,0.031967611457887894,0.13871658846798288,0.000125
MLP_3_batchnorm,1,0.5549698929264121,0.0796778534129956,0.098823447168404,0.2822726579266855,0.31436196838740527,0.0003
MLP_3_batchnorm,2,0.3082354485172115,0.028668022451838176,0.034041652583182196,0.16931633840783994,0.18450380099928076,0.0003
MLP_3_batchnorm,3,0.23151832247433596,0.01688349121667474,0.022151839580957674,0.12993648916557174,0.14883494072615366,0.0003
MLP_3_batchnorm,4,0.22222524554762121,0.01395901297843013,0.02040554842805283,0.11814826692943968,0.14284799063358514,0.0003
MLP_3_batchnorm,5,0.20504578825545638,0.011426607522940023,0.01822505693858039,0.10689531104281433,0.13500021088346636,0.0003
MLP_3_batchnorm,6,0.1933505604528401,0.011542908191454605,0.02182602797872621,0.10743792715542591,0.14773634616683265,0.0003
MLP_3_batchnorm,7,0.17793294705756724,0.009372417873847126,0.018583837237858964,0.09681124869480368,0.13632254853053094,0.0003
MLP_3_batchnorm,8,0.16770750406670243,0.008649001649397086,0.017936022207286583,0.09300000886772584,0.13392543525143602,0.0003
MLP_3_batchnorm,9,0.16183732307120546,0.009562280993492012,0.021135927386169744,0.09778691626946834,0.14538200502871648,0.0003
MLP_3_batchnorm,10,0.16705352353723082,0.008276961297851416,0.01898486344074424,0.09097780662255722,0.13778557050992038,0.0003
MLP_3_batchnorm,11,0.14060077806041665,0.007556974194851281,0.019159996083939333,0.08693085870305942,0.13841963763837606,0.0003
MLP_3_batchnorm,12,0.1415781503262585,0.007288204861669188,0.017759688334421358,0.08537098372204216,0.13326548065579982,0.0003
MLP_3_batchnorm,13,0.14935168419798758,0.0072703582042618195,0.019429278499628038,0.08526639551582921,0.13938894683448913,0.0003
MLP_3_batchnorm,14,0.12995134681871492,0.005737915167429747,0.017790356393783735,0.07574902750154451,0.13338049480258998,0.0003
MLP_3_batchnorm,15,0.13657904467354082,0.005756871822965294,0.017966392622335816,0.07587405236947144,0.1340387728321019,0.0003
MLP_3_batchnorm,16,0.131598220704353,0.006889927319091645,0.019408970957492076,0.08300558607161114,0.13931608291038072,0.0003
MLP_3_batchnorm,17,0.1267068254416936,0.006169747701191942,0.018355188876532327,0.0785477415410013,0.1354813229804475,0.0003
MLP_3_batchnorm,18,0.12385315519489654,0.0053614664176603105,0.01811704817905001,0.07322203505544155,0.13459958461692967,0.0003
MLP_3_batchnorm,19,0.12976120106161457,0.005120443502759185,0.01798552451920639,0.07155727428262751,0.13411012086791357,0.0003
MLP_3_batchnorm,20,0.1275601470715379,0.005380186021421698,0.019171420832390717,0.07334975133851306,0.13846090001293043,0.0003
MLP_3_batchnorm,21,0.11002029182567988,0.0052875038612527825,0.01870180243141767,0.07271522441176113,0.13675453349493635,0.0003
MLP_3_batchnorm,22,0.12325580969248733,0.005522812141383223,0.019155552054216943,0.07431562514964954,0.13840358396449473,0.0003
MLP_3_batchnorm,23,0.11871659653644039,0.005746173848225881,0.019621437827608664,0.07580352134449878,0.14007654274577405,0.0003
MLP_3_batchnorm,24,0.11683142940475516,0.004642177694286758,0.01878875411497573,0.06813352841506712,0.1370720763502754,0.00015
MLP_3_batchnorm,25,0.10373325911286758,0.005204828808703793,0.019678935507390242,0.07214449950414649,0.14028162925839663,0.00015
MLP_3_batchnorm,26,0.11434577895353919,0.004638148008727243,0.018611670380493966,0.06810395002294098,0.13642459595136783,0.00015
MLP_3_batchnorm,27,0.1040477499569932,0.005536327445390362,0.01979273282375641,0.07440650136507133,0.14068664763848918,0.00015
MLP_3_batchnorm,28,0.13093242661593713,0.006249918465839693,0.020221856317646038,0.07905642583522034,0.14220357350519022,0.00015
MLP_3_batchnorm,29,0.10894678635139989,0.004186214575284831,0.017674628610563552,0.06470096270755815,0.13294596124201574,0.00015
MLP_3_batchnorm,30,0.11029494114934582,0.004358239673645509,0.019041826350525416,0.06601696504418776,0.1379921242336874,0.00015
MLP_3_batchnorm,31,0.11258591578839576,0.0042742713354142065,0.018862653496157004,0.06537791167828938,0.13734137576184755,0.00015
MLP_3_batchnorm,32,0.09325913084696417,0.004775870788713564,0.01994731470296133,0.06910767532418931,0.14123496274988473,0.00015
MLP_3_batchnorm,33,0.1055206101234645,0.00386934245936308,0.018382537951321914,0.062204038931271015,0.1355822184186478,0.00015
MLP_3_batchnorm,34,0.10661964322606178,0.004786967901824923,0.019470119973405323,0.06918791731093604,0.13953537176431402,0.00015
MLP_3_batchnorm,35,0.09547352300931329,0.004054650565441831,0.019103616878215785,0.06367613811658046,0.13821583439756743,0.00015
MLP_3_batchnorm,36,0.10046579331567843,0.003613274757824886,0.01837977168902179,0.06011052119076066,0.13557201661486706,0.00015
MLP_3_batchnorm,37,0.09558461708565281,0.003480392960663275,0.0184530745956304,0.058994855374543256,0.13584209434350752,0.00015
MLP_3_batchnorm,38,0.09225046001885036,0.00354225232569388,0.01852322294073705,0.05951682388782083,0.13610004754127403,0.00015
MLP_3_batchnorm,39,0.09346039858582901,0.0037554186461191373,0.018523261248619475,0.06128147065891237,0.13610018827547402,0.00015
MLP_3_batchnorm,40,0.09311664288174616,0.0037830273528529257,0.018424063899186147,0.06150631961719808,0.13573527138951816,0.00015
MLP_3_batchnorm,41,0.10340375279727047,0.004349088107821777,0.01973737960077259,0.06594761639226832,0.14048978468476842,7.5e-05
MLP_3_batchnorm,42,0.09211993355252972,0.003513651637290988,0.018373082904268583,0.05927606293682963,0.13554734561867518,7.5e-05
MLP_3_batchnorm,43,0.08734817394655045,0.0033135905265990057,0.017724488845249492,0.05756379527618906,0.13313334986114295,7.5e-05
MLP_3_batchnorm,44,0.08766943114261104,0.0036908500258566995,0.01922224149827565,0.06075236642186623,0.13864429847013418,7.5e-05
MLP_3_batchnorm,45,0.08631839909373898,0.0032876329086806485,0.01838013795195269,0.0573378837129576,0.13557336741393086,7.5e-05
MLP_3_batchnorm,46,0.09035570143836819,0.003448799841097557,0.01868775304855854,0.0587264833026596,0.13670315668834623,7.5e-05
MLP_3_batchnorm,47,0.09957088285113035,0.0033871621979288595,0.018578192995408305,0.058199331593488765,0.1363018451650905,7.5e-05
MLP_3_batchnorm,48,0.08536376630606717,0.0031207099604950534,0.017878834877756912,0.05586331497946621,0.13371176043174704,7.5e-05
MLP_3_batchnorm,49,0.09451743143878572,0.0032501967317315485,0.017911644284545027,0.057010496680274136,0.13383439126227992,7.5e-05
MLP_3_batchnorm,50,0.08987290320331104,0.003221604009519521,0.018150070590490164,0.05675917555355716,0.13472219783870126,7.5e-05
MLP_3_batchnorm,51,0.0916721859615143,0.003293455671858106,0.017929154629222833,0.05738863713191058,0.13389979323816312,7.5e-05
MLP_3_batchnorm,52,0.09917359799146652,0.0031522789507208394,0.01810460249118677,0.05614515963750428,0.1345533444072899,3.75e-05
MLP_3_batchnorm,53,0.08543345475033538,0.004224166056139667,0.019363541223405854,0.06499358473064605,0.1391529418424413,3.75e-05
MLP_3_batchnorm,54,0.07986095466025889,0.0037068416619419563,0.01884837462442136,0.060883837444283655,0.1372893827811217,3.75e-05
MLP_3_batchnorm,55,0.08474286819157535,0.0036514629977290472,0.019182780359410095,0.0604273365103001,0.13850191464167597,3.75e-05
MLP_3_batchnorm,56,0.08297580623463409,0.0038506802729756846,0.019384909547477628,0.06205384978368131,0.1392297006657618,3.75e-05
MLP_3_batchnorm,57,0.0907416096697115,0.0037029341387561157,0.01940116141956012,0.060851738995332874,0.13928805196268673,3.75e-05
MLP_3_batchnorm,58,0.08334702702417765,0.002965809058120761,0.01768043925314882,0.05445924217358116,0.1329678128463758,3.75e-05
MLP_3_batchnorm,59,0.09029363197823094,0.002467075618794751,0.017291051990324886,0.04966966497566448,0.1314954447512342,3.75e-05
MLP_3_batchnorm,60,0.09434114008733671,0.003200329977234837,0.01859325117849636,0.056571459033993785,0.13635707234498826,3.75e-05
MLP_3_batchnorm,61,0.08516720039387272,0.0029030643999942256,0.017835127653268126,0.053880092798678676,0.13354822220182538,3.75e-05
MLP_3_batchnorm,62,0.09708654115053073,0.0028323970284182976,0.01795098269289611,0.05322026896228821,0.13398127739686658,3.75e-05
MLP_3_batchnorm,63,0.0841444193908613,0.0027375109018052003,0.018041669421475327,0.05232122802271751,0.13431928164442858,3.75e-05
MLP_3_batchnorm,64,0.08673515711745171,0.003103295784516635,0.018279130899018094,0.05570723278459122,0.13520033616458982,3.75e-05
MLP_3_batchnorm,65,0.09101780116149824,0.002627030358738233,0.017928833682634437,0.05125456427225026,0.13389859477468177,3.75e-05
MLP_3_batchnorm,66,0.08207852076994229,0.0032664022088256684,0.01863521882241455,0.0571524470939405,0.13651087437422174,3.75e-05
MLP_3_batchnorm,67,0.09058389608582405,0.0031871005879475136,0.018674898937340614,0.05645441158977316,0.1366561339177302,3.75e-05
MLP_3_batchnorm,68,0.08743125343159454,0.0028597696357562457,0.018644479270494688,0.0534768140015488,0.13654478851459212,3.75e-05
MLP_3_batchnorm,69,0.07691612319178777,0.00298511481145942,0.018696664253661253,0.05463620421899219,0.1367357460712496,3.75e-05
MLP_3_batchnorm,70,0.0808750329768821,0.0034922980794858255,0.01915205252984259,0.0590956688724802,0.13839094092404527,3.75e-05
MLP_3_batchnorm,71,0.08114717518017717,0.002977599978318585,0.01873852324179111,0.05456738933024545,0.13688872576582453,1.875e-05
MLP_3_batchnorm,72,0.09337283160588512,0.002507635165427471,0.01795211370400303,0.05007629344737359,0.13398549811081434,1.875e-05
MLP_3_batchnorm,73,0.07172924014803482,0.0030762647933576756,0.018613679176985972,0.05546408561725034,0.1364319580486404,1.875e-05
MLP_3_batchnorm,74,0.08954599203720484,0.00265708832640227,0.018061256851987915,0.051546952639339116,0.13439217556088567,1.875e-05
MLP_3_batchnorm,75,0.09402404623488857,0.0040678979736803265,0.019355936312533704,0.06378007505232591,0.13912561343093408,1.875e-05
MLP_3_batchnorm,76,0.09523324831707837,0.003534254114626192,0.01925473868023311,0.05944959305685946,0.13876144522248646,1.875e-05
MLP_3_batchnorm,77,0.0876413225515248,0.0026024220020590943,0.018145561952406183,0.05101393929171805,0.13470546370658534,1.875e-05
MLP_3_batchnorm,78,0.07705808104309317,0.002514200449409521,0.01801928956464569,0.05014180341201861,0.1342359473637583,1.875e-05
MLP_3_batchnorm,79,0.07484417592417704,0.0028257694077115565,0.018444251386936786,0.05315796654981788,0.13580961448637127,1.875e-05
MLP_3_batchnorm,80,0.09190543506243458,0.002833963597390977,0.018000569711608787,0.05323498471297777,0.1341662018229956,1.875e-05
MLP_3_batchnorm,81,0.09000587647091852,0.002729632703566559,0.01810592000578392,0.05224588695358285,0.13455824020023419,1.875e-05
MLP_3_batchnorm,82,0.08932753856459709,0.002833443579800426,0.018657282008178833,0.05323010031739961,0.1365916615616738,1e-05
MLP_3_batchnorm,83,0.09644345306370357,0.003044243620648252,0.019053639625620466,0.05517466466276213,0.1380349217611995,1e-05
MLP_3_batchnorm,84,0.06621478069318484,0.0027607559969811345,0.01835296033460077,0.05254289673191929,0.13547309819517958,1e-05
MLP_3_batchnorm,85,0.07929335391684754,0.0028622433723652107,0.018575714931884403,0.05349993805945209,0.13629275450985795,1e-05
MLP_3_batchnorm,86,0.08788905619350199,0.0030033557983771414,0.018707894451054443,0.05480288129630723,0.13677680523778307,1e-05
MLP_3_batchnorm,87,0.09029694534327885,0.0029003950776093387,0.018570447202957415,0.05385531614993397,0.13627342808837464,1e-05
MLP_3_batchnorm,88,0.07726846737404393,0.0027538160749638616,0.018332328062493446,0.05247681464193365,0.13539692781778118,1e-05
MLP_3_batchnorm,89,0.07813510359966591,0.0032789503349793725,0.019212377656274454,0.05726211954668961,0.13860872142933306,1e-05
MLP_3_batchnorm,90,0.08571521672483993,0.0025527585348949873,0.018106375107279495,0.05052483087448178,0.13455993128446334,1e-05
MLP_3_batchnorm,91,0.08990472555160522,0.0025258553640169455,0.01830288468263812,0.050257888574998306,0.13528815425837593,1e-05
MLP_3_batchnorm,92,0.09191944541996472,0.0025491195361206686,0.01803817675066621,0.05048880604768416,0.13430627963973318,1e-05
MLP_3_batchnorm,93,0.07015759702006431,0.0025296372349904355,0.018072809194518976,0.05029549915241358,0.13443514865733208,1e-05
MLP_3_batchnorm,94,0.06585268564011952,0.002957083190592452,0.018696474249382602,0.05437906941638899,0.13673505128306568,1e-05
MLP_3_batchnorm,95,0.09639310591841398,0.0036615048813454128,0.0188396447593596,0.06051037003146992,0.13725758543468408,1e-05
MLP_3_batchnorm,96,0.08624822779061043,0.003210466912829688,0.018545328386273482,0.056660982279075324,0.13618123360534476,1e-05
MLP_3_batchnorm,97,0.09731919573594446,0.0022831495109932433,0.017285480519025818,0.047782313788610566,0.13147425800903315,1e-05
MLP_3_batchnorm,98,0.08621498932168908,0.0027337897403050667,0.018145528026989044,0.05228565520585036,0.13470533778209773,1e-05
MLP_3_batchnorm,99,0.08819855423006293,0.002497120533465232,0.018074035917077746,0.04997119703854643,0.13443971108670885,1e-05
MLP_3_batchnorm,100,0.07775269162981477,0.0034761166008315703,0.019312916725615404,0.058958600736716694,0.13897092043163348,1e-05
MLP_3_batchnorm,101,0.08181494647917682,0.0029387364124738784,0.018401577205488535,0.05421011356263588,0.1356524131944896,1e-05
MLP_3_batchnorm,102,0.08535052631815819,0.003993574616628868,0.020102144409958677,0.06319473567180156,0.14178203133669187,1e-05
MLP_3_batchnorm,103,0.0744336654674517,0.0028447236069213478,0.018417167763953846,0.05333595041734372,0.13570986612606264,1e-05
MLP_3_batchnorm,104,0.09095963856128797,0.0027164553100340566,0.01787382104897394,0.052119624998977654,0.13369301047165458,1e-05
MLP_3_batchnorm,105,0.067264222731329,0.0028422851531246813,0.018680961091641895,0.0533130861339379,0.13667831244071568,1e-05
MLP_3_batchnorm,106,0.10021959326855123,0.002710245652099532,0.018679456551424983,0.0520600197089814,0.136672808383471,1e-05
MLP_3_batchnorm,107,0.08614019998540617,0.0029176074196408416,0.01866103747757001,0.05401488146465603,0.13660540793676512,1e-05
MLP_3_batchnorm,108,0.08915046474909129,0.0026129357283569948,0.018422189452857153,0.051116883007055455,0.1357283664266875,1e-05
MLP_3_batchnorm,109,0.09587516788750479,0.003312423703667501,0.01952147831678394,0.057553659342108744,0.13971928398322095,1e-05
MLP_3_batchnorm,110,0.08196332111750564,0.002915616117743468,0.01889129078520033,0.053996445417670486,0.13744559209083546,1e-05
MLP_3_batchnorm,111,0.08541547986742569,0.0025953178026775045,0.018384831659862585,0.0509442617247272,0.1355906768913799,1e-05
MLP_3_batchnorm,112,0.07880744725874025,0.0027750128270841675,0.018774292560638717,0.052678390513418,0.13701931455323632,1e-05
MLP_3_batchnorm,113,0.08122044658824189,0.0034910943779552,0.019382168943744928,0.05908548364831416,0.13921985829523362,1e-05
MLP_3_batchnorm,114,0.08375672097891977,0.002861922748762247,0.018975757372699898,0.05349694148979217,0.13775252220086534,1e-05
MLP_3_batchnorm,115,0.07872283754691686,0.003166854403471896,0.019328800081761726,0.056274811447679644,0.13902805501682647,1e-05
MLP_3_batchnorm,116,0.07705644273186384,0.0031650334135661117,0.019353515516278817,0.05625862968084196,0.13911691312086685,1e-05
MLP_3_batchnorm,117,0.07916643052068476,0.0027574734411756462,0.018540835211612604,0.05251165052800803,0.13616473556546352,1e-05
MLP_3_batchnorm,118,0.08236056096749762,0.002847240337330272,0.018821070034864246,0.05335953839127801,0.13718990500348138,1e-05
MLP_3_batchnorm,119,0.0905597501829879,0.0023726398997574957,0.017810444792946318,0.04870975158792637,0.13345577841722073,1e-05
MLP_3_batchnorm,120,0.07390592757561436,0.002745721725947454,0.01878551776157288,0.052399634788302236,0.13706027054392123,1e-05
MLP_3_batchnorm,121,0.07064739492249815,0.003344931341595427,0.019448011278471202,0.05783538139923888,0.13945612671543406,1e-05
MLP_3_batchnorm,122,0.08593683159106398,0.002307679661255732,0.01783419490079827,0.048038314513060634,0.13354472996265435,1e-05
MLP_3_batchnorm,123,0.08180362598536765,0.002519944090251122,0.018301661707957273,0.05019904471452741,0.13528363429460813,1e-05
MLP_3_batchnorm,124,0.08024605332988582,0.002981027120730982,0.018882309947450958,0.05459878314331723,0.1374129176877158,1e-05
MLP_3_batchnorm,125,0.07839770579378899,0.0030719168991420556,0.018970197799064753,0.05542487617615447,0.1377323411514694,1e-05
MLP_3_batchnorm,126,0.08353199085144147,0.0029562053997150054,0.019125109156470546,0.054370997781124135,0.13829356151488234,1e-05
MLP_3_batchnorm,127,0.07022060035434488,0.003397108070400311,0.019729126053614012,0.05828471558136242,0.1404604074236367,1e-05
MLP_3_batchnorm,128,0.08108177209553653,0.0026275828420647632,0.018718226331169034,0.05125995359015421,0.13681456914805906,1e-05
MLP_3_batchnorm,129,0.07683363995731693,0.0024790152904754026,0.01822284410197259,0.04978971068881002,0.1349920149563395,1e-05
MLP_3_batchnorm,130,0.09459533777138958,0.0028245015014180673,0.018950274483870766,0.05314603937659012,0.13765999594606548,1e-05
MLP_3_batchnorm,131,0.07544329231732512,0.002772695702016766,0.018829022956147103,0.052656392793437395,0.13721888702415241,1e-05
MLP_3_batchnorm,132,0.08040948023330675,0.0032937653626419314,0.0195072564992649,0.057391335257527605,0.13966838045622532,1e-05
MLP_3_batchnorm,133,0.07736978345639901,0.0028440444281617166,0.01881722594579515,0.05332958304882682,0.13717589418624232,1e-05
MLP_3_batchnorm,134,0.0747129765071281,0.0027933296616932494,0.018785816199302207,0.05285195986615113,0.13706135924943327,1e-05
MLP_3_batchnorm,135,0.07533043112656841,0.0025982721715370927,0.018267764311034437,0.05097324956815185,0.13515829353404266,1e-05
MLP_3_batchnorm,136,0.0770304144857681,0.002457258308669879,0.01827795899413861,0.049570740449078214,0.1351960021381498,1e-05
MLP_3_batchnorm,137,0.07773774464244712,0.0024998316498362006,0.01838123845492065,0.049998316470019274,0.13557742605212952,1e-05
MLP_2_lr_1e-2,1,0.48043330524065725,0.027997525477840964,0.036791198070309415,0.16732461109424687,0.1918103179453843,0.01
MLP_2_lr_1e-2,2,0.2754173062435568,0.034893492239150295,0.04632533163884695,0.18679799848807346,0.21523320291917544,0.01
MLP_2_lr_1e-2,3,0.21626301334328848,0.018152105419571664,0.026227825644909684,0.13472974957139816,0.1619500714569453,0.01
MLP_2_lr_1e-2,4,0.15982866756720085,0.013267140430611762,0.021130705220635298,0.11518307354213014,0.14536404376817294,0.01
MLP_2_lr_1e-2,5,0.12727528647200703,0.009106921829274863,0.017851373532389775,0.09543019348861692,0.13360903237577082,0.01
MLP_2_lr_1e-2,6,0.10996940333957542,0.0092545194226016,0.020307319966269936,0.09620041279849895,0.14250375421816064,0.01
MLP_2_lr_1e-2,7,0.1161645722307571,0.014227737938745925,0.02544114027327734,0.11928008190283039,0.15950279080090524,0.01
MLP_2_lr_1e-2,8,0.11334582591710025,0.007305091345373729,0.01800299369529354,0.08546982710508855,0.13417523502976822,0.01
MLP_2_lr_1e-2,9,0.09381643968493972,0.007681363961971294,0.017640291846203023,0.08764339086303824,0.13281676041148957,0.01
MLP_2_lr_1e-2,10,0.11716088836323725,0.01603963365201495,0.032894866714594684,0.12664767527284088,0.18136942056089467,0.01
MLP_2_lr_1e-2,11,0.11749641597270966,0.014116808454381971,0.026464395097667872,0.1188141761507522,0.16267880961473707,0.01
MLP_2_lr_1e-2,12,0.09595314219389876,0.00818477007839549,0.02072622421771113,0.09046971912411075,0.14396605230994955,0.01
MLP_2_lr_1e-2,13,0.09237214616716724,0.016440629733252703,0.03199296788383321,0.12822101907742234,0.17886578175781195,0.01
MLP_2_lr_1e-2,14,0.1051197422489728,0.01673273575818903,0.03410548344112067,0.12935507627530135,0.18467669977861492,0.01
MLP_2_lr_1e-2,15,0.10728753072349992,0.017468838853121806,0.03438603227499797,0.13216973501192247,0.1854347116237895,0.01
MLP_2_lr_1e-2,16,0.09567370347372472,0.005948335472100653,0.01998974784983366,0.077125452816179,0.14138510476649815,0.01
MLP_2_lr_1e-2,17,0.08969118395080306,0.01737382830884648,0.03006676209091522,0.13180981871183375,0.17339769920882808,0.01
MLP_2_lr_1e-2,18,0.08678095940857718,0.005581447957578909,0.020760093232911118,0.07470908885523173,0.14408363277246697,0.01
MLP_2_lr_1e-2,19,0.0827439706517409,0.006327628283102937,0.020300100096921788,0.07954639076100774,0.14247841975864903,0.01
MLP_2_lr_1e-2,20,0.08375529403964134,0.013454369638683367,0.03138098147320096,0.1159929723676541,0.17714677946042642,0.01
MLP_2_lr_1e-2,21,0.09012804108939759,0.004982597526147362,0.01911135202483251,0.07058751678694584,0.13824381369461894,0.005
MLP_2_lr_1e-2,22,0.06104422350452371,0.004434257833912611,0.019279013338518464,0.06659022326072057,0.13884888670248122,0.005
MLP_2_lr_1e-2,23,0.06482565117208924,0.004991150975931311,0.020651630935128076,0.070648078359792,0.1437067532690377,0.005
MLP_2_lr_1e-2,24,0.062250880856220034,0.005742037179811366,0.02243898911658631,0.07577623096863136,0.1497964923373919,0.005
MLP_2_lr_1e-2,25,0.06722431435976943,0.003826166872338207,0.01969493727805899,0.06185601726863933,0.14033865211715194,0.005
MLP_2_lr_1e-2,26,0.07308942048925243,0.0033445608384457216,0.020106822651499132,0.057832178226708025,0.14179852838269913,0.005
MLP_2_lr_1e-2,27,0.0648560544399366,0.0029459669039504474,0.019301888483003914,0.05427676209899083,0.1389312365272976,0.005
MLP_2_lr_1e-2,28,0.0630058349199491,0.005289538664988391,0.023777671074178004,0.07272921465950523,0.15420010075929913,0.005
MLP_2_lr_1e-2,29,0.06793213793880319,0.0036952975613065214,0.02059069538884794,0.06078895920565281,0.14349458313416552,0.005
MLP_2_lr_1e-2,30,0.05872766030569599,0.003132405414089559,0.019704442179162347,0.05596789628072114,0.14037251219224633,0.005
MLP_2_lr_1e-2,31,0.06544326317228683,0.004784940293125569,0.023386871424136493,0.06917326284862937,0.15292766729449742,0.005
MLP_2_lr_1e-2,32,0.05385020729919819,0.0033134725880535113,0.02092844376733256,0.05756277085107623,0.1446666643264182,0.0025
MLP_2_lr_1e-2,33,0.05240271429288877,0.0024771573834273496,0.019938310582077786,0.049771049651653416,0.14120308276407348,0.0025
MLP_2_lr_1e-2,34,0.05917261642952488,0.002311526333944266,0.01917827343170934,0.04807833539073775,0.13848564341371036,0.0025
MLP_2_lr_1e-2,35,0.05904518047424212,0.00497933877391514,0.021877400890107184,0.07056442994820507,0.14791011084475322,0.0025
MLP_2_lr_1e-2,36,0.05908531093434112,0.003615198589795254,0.020735910216428805,0.06012652151750718,0.14399968825115145,0.0025
MLP_2_lr_1e-2,37,0.054044814907932934,0.0045324509575583845,0.021637155047399194,0.06732347998698808,0.14709573429368777,0.0025
MLP_2_lr_1e-2,38,0.05381207456429527,0.0028551915166113067,0.019882157356442998,0.053433992145555685,0.1410041040411342,0.0025
MLP_2_lr_1e-2,39,0.05251010691058146,0.004565099068658315,0.021761944486831167,0.06756551686073536,0.14751930208223996,0.0025
MLP_2_lr_1e-2,40,0.05098013937065046,0.003173933422054292,0.019986467524749675,0.056337673204120635,0.14137350361630596,0.0025
MLP_2_lr_1e-2,41,0.04593020248902987,0.0024484653762572323,0.01945338002899509,0.049481970213980285,0.1394753742744399,0.0025
MLP_2_lr_1e-2,42,0.05330119690258209,0.0025908812532380167,0.01987248230157936,0.05090069992876342,0.14096979215980762,0.0025
MLP_2_lr_1e-2,43,0.04632971680735889,0.0027321346222062316,0.019918969736882404,0.05226982515951466,0.1411345802306522,0.00125
MLP_2_lr_1e-2,44,0.04468640225799116,0.002011873735556552,0.019503118486996564,0.044853915498611174,0.1396535659659164,0.00125
MLP_2_lr_1e-2,45,0.04104729394798409,0.002642482852998601,0.01994635997878944,0.05140508586704822,0.1412315827950301,0.00125
MLP_2_lr_1e-2,46,0.04549331809968164,0.0021256344639996533,0.019622142885932777,0.04610460350116519,0.14007905941265017,0.00125
MLP_2_lr_1e-2,47,0.04040833399312137,0.0023090317985270236,0.0200366199881536,0.04805238598162451,0.1415507682358298,0.00125
MLP_2_lr_1e-2,48,0.04232327606886217,0.001950552026203881,0.019409028629369413,0.04416505435526918,0.1393162898923504,0.00125
MLP_2_lr_1e-2,49,0.04229073828622086,0.0017331135791971506,0.01928882849912653,0.041630680743859456,0.13888422696305916,0.00125
MLP_2_lr_3e-4,1,0.8947413416757976,0.10819371030445044,0.13386448366900974,0.32892812331032206,0.3658749563293582,0.0003
MLP_2_lr_3e-4,2,0.5160696114579292,0.03772369742657469,0.04929322267601492,0.19422589278099534,0.22202077082114394,0.0003
MLP_2_lr_3e-4,3,0.2527674642735965,0.02454883983521807,0.03178529941107504,0.15668069388159497,0.1782843218319408,0.0003
MLP_2_lr_3e-4,4,0.18366803412568078,0.020414105796930357,0.02724988931154299,0.14287794020397396,0.1650754049261821,0.0003
MLP_2_lr_3e-4,5,0.18797909437793575,0.01763969114075846,0.02441858209951949,0.13281449898545888,0.1562644620491796,0.0003
MLP_2_lr_3e-4,6,0.1604245444887305,0.016381148528263993,0.022839529067967577,0.12798886095385018,0.1511275258447897,0.0003
MLP_2_lr_3e-4,7,0.14793124100933336,0.015413439117937236,0.022570787417675802,0.12415087240103162,0.15023577276293354,0.0003
MLP_2_lr_3e-4,8,0.13103136205918167,0.014377045570698667,0.021552526907792236,0.11990431839887447,0.1468077889888416,0.0003
MLP_2_lr_3e-4,9,0.13237643037756827,0.013113290048077436,0.019442241518734544,0.11451327454962344,0.13943543853244247,0.0003
MLP_2_lr_3e-4,10,0.1140240824794116,0.012163374617833733,0.018814044572881033,0.11028769023709642,0.13716429773407157,0.0003
MLP_2_lr_3e-4,11,0.10896225110308765,0.011608363203282998,0.01824665211805825,0.10774211434384884,0.13508016922575367,0.0003
MLP_2_lr_3e-4,12,0.10160876489053033,0.010975965961369924,0.01791346054711034,0.1047662443794275,0.1338411765754857,0.0003
MLP_2_lr_3e-4,13,0.09760492912506404,0.010286371735906356,0.01740504684807154,0.10142175178878718,0.13192818822401656,0.0003
MLP_2_lr_3e-4,14,0.101048775221387,0.010406582436831157,0.017957393539050213,0.10201265821863068,0.13400519967169264,0.0003
MLP_2_lr_3e-4,15,0.09050741158936122,0.009390977541461397,0.017590247545031766,0.09690705620057498,0.13262823057340306,0.0003
MLP_2_lr_3e-4,16,0.08570802334236773,0.008717235243443203,0.0170500035132324,0.09336613542095015,0.1305756620248674,0.0003
MLP_2_lr_3e-4,17,0.07750060878796121,0.008200026667419117,0.016796272684019124,0.09055399862744393,0.12960043473699895,0.0003
MLP_2_lr_3e-4,18,0.08270359488382731,0.007886669082054909,0.017021859624616522,0.08880692023741679,0.1304678490073954,0.0003
MLP_2_lr_3e-4,19,0.07686680585962452,0.007738361576909472,0.01734137359729662,0.0879679576715833,0.13168664927507504,0.0003
MLP_2_lr_3e-4,20,0.07692429369749272,0.007643413301314173,0.01783422599571136,0.08742661666400098,0.1335448463839446,0.0003
MLP_2_lr_3e-4,21,0.07575705157567376,0.007300305332992437,0.017833041736553815,0.08544182426067715,0.1335404123722621,0.0003
MLP_2_lr_3e-4,22,0.07078621470152516,0.006392523595645057,0.016744120739471288,0.07995325881816862,0.12939907549697288,0.0003
MLP_2_lr_3e-4,23,0.0635509627730879,0.006237611830628089,0.016926836818100602,0.07897855297881881,0.13010317758648557,0.0003
MLP_2_lr_3e-4,24,0.06626939273452105,0.00635479891016841,0.01742551010812262,0.07971699260614647,0.1320057199825925,0.0003
MLP_2_lr_3e-4,25,0.06542843345501652,0.005680684209205188,0.01725049964512275,0.07537031384573895,0.13134115746833797,0.0003
MLP_2_lr_3e-4,26,0.07266915594674137,0.00525334496461343,0.017155132610229065,0.07247996250422202,0.13097760346803214,0.0003
MLP_2_lr_3e-4,27,0.05975676603513221,0.005061491365158014,0.01723632493853428,0.07114415903753459,0.13128718497452171,0.0003
MLP_2_lr_3e-4,28,0.05741713083770177,0.00494026187857652,0.01781278980078054,0.07028699651127882,0.13346456383917246,0.0003
MLP_2_lr_3e-4,29,0.06045658228127924,0.004566969963487503,0.017583469170378455,0.06757936048445193,0.13260267406948645,0.0003
MLP_2_lr_3e-4,30,0.05194203290220809,0.004700357284007571,0.017611720264187582,0.06855915171592755,0.13270915667047087,0.0003
MLP_2_lr_3e-4,31,0.05583649529271746,0.004252000415367933,0.017368197039217027,0.06520736473258165,0.13178845563711955,0.0003
MLP_2_lr_3e-4,32,0.05248584353352246,0.004308038439785146,0.017615526834402734,0.0656356491533766,0.132723497672427,0.0003
MLP_2_lr_3e-4,33,0.048225302708475554,0.0038951617973068888,0.01787872073542765,0.06241123133945435,0.13371133360873957,0.0003
MLP_2_lr_3e-4,34,0.04825358592892346,0.00373984975984862,0.01770024628123081,0.06115431104876107,0.1330422725348256,0.00015
MLP_2_lr_3e-4,35,0.045766443422395886,0.00367294684035342,0.017804469494581983,0.060604841723689205,0.1334333897290404,0.00015
MLP_2_lr_3e-4,36,0.04741608836267092,0.0035626917385497953,0.017789863114670172,0.05968828811877415,0.13337864564715812,0.00015
MLP_2_lr_3e-4,37,0.0452258518246347,0.0033696024532058563,0.017674638463706132,0.058048276918491355,0.13294599829895645,0.00015
MLP_2_lr_3e-4,38,0.04431768439148795,0.0033496472490453038,0.017804706052611256,0.057876137129608984,0.13343427615351033,0.00015
MLP_2_lr_3e-4,39,0.045836461427277084,0.0033575240509446246,0.01771120594425251,0.05794414595923064,0.1330834548103276,0.00015
MLP_2_lr_3e-4,40,0.04483047000145259,0.0031183797845366385,0.017422067986926252,0.055842455036796496,0.13199268156578323,0.00015
MLP_2_lr_3e-4,41,0.039742243667579676,0.003137057432710701,0.01753799937025877,0.056009440567735554,0.1324311117912206,0.00015
MLP_2_lr_3e-4,42,0.04325732042732304,0.0031493365681272843,0.017832803836651197,0.0561189501695041,0.13353952162806035,0.00015
MLP_2_lr_3e-4,43,0.04418576029065537,0.0031721903791806835,0.017757807282975442,0.05632220147668842,0.1332584229344451,0.00015
MLP_2_lr_3e-4,44,0.0436826680518993,0.0028382045279497507,0.017544359908988987,0.053274801998221925,0.13245512413262459,0.00015
MLP_2_lr_3e-4,45,0.038219631573006715,0.002903841341541837,0.017612401977673234,0.05388730222920644,0.13271172509493362,7.5e-05
MLP_2_lr_3e-4,46,0.03910794114209201,0.002812245353029297,0.017728273177780488,0.05303060769998112,0.133147561666673,7.5e-05
MLP_2_lr_3e-4,47,0.043338622311002585,0.0028187185907527965,0.017635581654290675,0.05309160565242679,0.13279902730927917,7.5e-05
MLP_2_lr_3e-4,48,0.04167742893252879,0.002799080419915693,0.017834512671344775,0.052906336292694596,0.13354591971058036,7.5e-05
MLP_2_lr_3e-4,49,0.03927511354423549,0.0026776771574627835,0.017668307189968525,0.0517462767497603,0.1329221847171063,7.5e-05
MLP_2_lr_3e-4,50,0.039766902895006416,0.0026643893258805245,0.01786135877791571,0.05161772298232967,0.13364639455636546,7.5e-05
MLP_2_lr_3e-4,51,0.03714531675389368,0.0026512526751010373,0.017950809667673453,0.05149031632356746,0.13398063168858942,7.5e-05
MLP_2_lr_3e-4,52,0.03769322073929114,0.00259143250872966,0.017824250290399843,0.05090611464971236,0.1335074915141463,7.5e-05
MLP_2_lr_3e-4,53,0.03963173099168359,0.002580273302790633,0.01776990390018786,0.05079639064727565,0.13330380302222386,7.5e-05
MLP_2_lr_3e-4,54,0.04125910527902107,0.002469208851716586,0.017524479348742638,0.049691134538432366,0.13238005646147247,7.5e-05
MLP_2_lr_3e-4,55,0.03606951670491532,0.0025698796683881462,0.01774348866033836,0.050693980593243475,0.13320468708096708,7.5e-05
MLP_2_lr_3e-4,56,0.036770021364296954,0.0024514702271041565,0.0176899642913442,0.04951232399215529,0.1330036251060256,3.75e-05
MLP_2_lr_3e-4,57,0.03572439831005384,0.0024091400652359813,0.017669433101319427,0.049082991608458235,0.132926419877011,3.75e-05
MLP_2_lr_3e-4,58,0.03974839588244484,0.002440278107537386,0.017806631777143832,0.049399171121967074,0.13344149196237215,3.75e-05
MLP_2_lr_3e-4,59,0.038152408798875874,0.002439996206046109,0.0178398504010001,0.04939631773772321,0.1335659028382622,3.75e-05
MLP_2_lr_3e-4,60,0.03636145908130358,0.002354864836524781,0.017716780827466617,0.04852694959014816,0.13310439822735617,3.75e-05
MLP_2_lr_3e-4,61,0.04000293705867578,0.0023392960392308025,0.017700032916303385,0.04836626964353156,0.13304147066348668,3.75e-05
MLP_2_lr_3e-4,62,0.03417586101448699,0.0025177379039140304,0.01795665721816479,0.05017706551716661,0.13400245228414587,3.75e-05
MLP_2_dropout_0,1,0.49188108599349245,0.03539118764419811,0.038916805916771935,0.18812545719332646,0.19727342932278522,0.001
MLP_2_dropout_0,2,0.15416100866174046,0.016726367919041182,0.020843953995933008,0.12933046013619987,0.1443743536641221,0.001
MLP_2_dropout_0,3,0.10810798814851943,0.01304667848170262,0.018198364154959654,0.11422205777214232,0.13490131265098815,0.001
MLP_2_dropout_0,4,0.0847802828640154,0.01198968360672396,0.018493013454436994,0.10949741369878999,0.13598901960980891,0.001
MLP_2_dropout_0,5,0.07127728119288405,0.010332742121203132,0.018621447797321215,0.1016500965134964,0.13646042575531273,0.001
MLP_2_dropout_0,6,0.06525705938469874,0.009059712422342919,0.018548000763595883,0.09518252162210727,0.13619104509326552,0.001
MLP_2_dropout_0,7,0.0567664201435161,0.007026836850399548,0.017131154856648022,0.08382623008581233,0.13088603766883625,0.001
MLP_2_dropout_0,8,0.04686500933276464,0.0061483798952334905,0.01735688265979577,0.07841160561570902,0.1317455223519789,0.001
MLP_2_dropout_0,9,0.04054106486170259,0.005085030441454992,0.017176356761052884,0.0713093993906483,0.13105860048487045,0.001
MLP_2_dropout_0,10,0.041994258608311824,0.006016369762321581,0.01890143510463706,0.07756526131150195,0.1374824901747021,0.001
MLP_2_dropout_0,11,0.03751938085849971,0.003946115683289401,0.01788329162983884,0.062818115884587,0.1337284249134747,0.001
MLP_2_dropout_0,12,0.028772349329027412,0.003436853629519013,0.01786948469904516,0.0586246844726606,0.13367679192382334,0.001
MLP_2_dropout_0,13,0.023352755973600363,0.0026554521523247804,0.01787993460817548,0.05153107947952168,0.13371587268598847,0.001
MLP_2_dropout_0,14,0.01961943558225893,0.0023917672980434293,0.017998646726494455,0.04890569801202544,0.1341590352026074,0.001
MLP_2_dropout_0,15,0.018163641200286067,0.002677349519313049,0.01890446816501859,0.051743110839154706,0.13749352044739632,0.001
MLP_2_dropout_0,16,0.018034795758454767,0.002270289485027263,0.017951500726810718,0.047647554869345216,0.1339832106154003,0.001
MLP_2_dropout_0,17,0.017987125731800516,0.0017701175634375935,0.01847364167702873,0.04207276510330161,0.1359177754270159,0.001
MLP_2_dropout_0,18,0.013486239727433414,0.0017392164823715947,0.01877621213394269,0.04170391447300355,0.1370263191286356,0.001
MLP_2_dropout_0,19,0.010777867998774738,0.001228374087561863,0.018371609727620555,0.035048168105649445,0.1355419113323276,0.0005
MLP_2_dropout_0,20,0.008736016152247991,0.0012410001707748029,0.01862755527077754,0.03522783233147908,0.1364828021062637,0.0005
MLP_2_dropout_0,21,0.007411102177447652,0.001140268011820022,0.018771592729592078,0.03376785471154515,0.1370094621899965,0.0005
MLP_2_dropout_0,22,0.007083195848518038,0.0009080165110299013,0.018800743269976272,0.03013331231427938,0.13711580240795104,0.0005
MLP_2_dropout_0,23,0.006469648790686098,0.0008626227520442941,0.01886675011159531,0.02937044010641131,0.13735628894082466,0.0005
MLP_2_dropout_0,24,0.005874980017797996,0.0007605934251776906,0.01898877530721707,0.02757885830083781,0.13779976526546434,0.0005
MLP_2_dropout_0,25,0.005748502578433246,0.0009096642940596497,0.01928838359104783,0.030160641472946986,0.13888262523097636,0.0005
MLP_2_dropout_0,26,0.005294658090562037,0.0006776736707138552,0.018902748053367873,0.02603216607802461,0.13748726505886963,0.0005
MLP_2_dropout_0,27,0.005049341256181671,0.0008466822909793328,0.01936359406527416,0.02909780560419175,0.13915313171206087,0.0005
MLP_2_dropout_0,28,0.005065608163657662,0.00057830352388145,0.01919090485680224,0.02404794219640113,0.1385312414468384,0.0005
MLP_2_dropout_0,29,0.004328826088330721,0.0005327212545171996,0.019263697793142895,0.02308075506817746,0.13879372389680628,0.0005
MLP_2_dropout_0,30,0.003553033194007122,0.0005312654253783445,0.01918704274653546,0.023049195764241852,0.13851730125343714,0.00025
MLP_2_dropout_0,31,0.003914631536383539,0.00047173992373368697,0.019282058573745223,0.021719574667421252,0.13885985227467737,0.00025
MLP_2_dropout_0,32,0.0033488535889972973,0.00048576036765269714,0.019385843140248372,0.022039972042920044,0.13923305333234767,0.00025
MLP_2_dropout_0,33,0.0030700385248390574,0.0004627821149568516,0.019457114376312444,0.02151237120721125,0.13948876075265865,0.00025
MLP_2_dropout_0,34,0.0028914886890361977,0.00048393836100915465,0.019487214852348937,0.02199859906923972,0.1395966147596314,0.00025
MLP_2_dropout_0,35,0.002789274993518444,0.00037190727411957295,0.019489144475432547,0.019284897565700808,0.1396035260136095,0.00025
MLP_2_dropout_0,36,0.0028265410338923947,0.00035650275376643975,0.01952263900884154,0.01888128051183075,0.1397234375788169,0.00025
MLP_2_dropout_0,37,0.002540635421859381,0.0003734675914503661,0.01952808052720518,0.01932530960813736,0.1397429086830712,0.00025
MLP_2_dropout_0,38,0.002370689121674593,0.0003195761839097834,0.01944805414952359,0.0178766938752607,0.1394562804233771,0.00025
MLP_2_dropout_0,39,0.0022231376768179134,0.00031049856804854986,0.019529190858183988,0.017620969554725127,0.13974688138983277,0.00025
MLP_2_dropout_0,40,0.00218803870287558,0.00028725819562589345,0.019555674194323896,0.016948693035921485,0.13984160394647902,0.00025
MLP_2_dropout_0,41,0.0019233853903866999,0.0002757201443491706,0.01955628224773922,0.016604822924354556,0.13984377800867373,0.000125
MLP_2_dropout_0,42,0.0018251476664261968,0.0002664841240475444,0.019599681443265782,0.016324341458311402,0.13999886229275502,0.000125
MLP_2_dropout_0,43,0.001771207622966844,0.00025704833300537166,0.019589567350597765,0.016032726936032176,0.1399627355784309,0.000125
MLP_2_dropout_0,44,0.0017396936764022056,0.0002946045959722697,0.019668352693462107,0.01716404952137664,0.140243904300551,0.000125
MLP_2_dropout_0,45,0.001886097121065202,0.00026642315260013674,0.0196609347605285,0.016322473850496337,0.14021745526334622,0.000125
MLP_2_dropout_0,46,0.0017067988415899343,0.00024335044180355273,0.019663380141193322,0.015599693644541637,0.1402261749503042,0.000125
MLP_2_dropout_0,47,0.001633774450890822,0.00023630297432317545,0.019628406442083985,0.015372149307210604,0.14010141484683153,0.000125
MLP_2_dropout_01,1,0.5220572054386139,0.04107201925068814,0.044631099461566015,0.20266232814879073,0.21126073809765508,0.001
MLP_2_dropout_01,2,0.20076447888596416,0.018391552500145795,0.0229496088778596,0.13561545819022916,0.15149128317451008,0.001
MLP_2_dropout_01,3,0.14758094890068654,0.01527096151703751,0.020419077402118974,0.12357573190977875,0.14289533723015238,0.001
MLP_2_dropout_01,4,0.11541992926026044,0.012029920888832516,0.01760434248708402,0.10968099602407208,0.13268135696880712,0.001
MLP_2_dropout_01,5,0.11095082576144231,0.012147527647013745,0.019999283188792853,0.11021582303378107,0.1414188219042743,0.001
MLP_2_dropout_01,6,0.09734887810908768,0.010604869275669013,0.01865186163981186,0.10297994598789131,0.13657181861501244,0.001
MLP_2_dropout_01,7,0.08406024033280268,0.008651542157131308,0.01774206143539401,0.09301366650730046,0.13319932971075346,0.001
MLP_2_dropout_01,8,0.07330622513816781,0.010004991406841409,0.020363548212337237,0.10002495392071625,0.1427009047355245,0.001
MLP_2_dropout_01,9,0.07220764764367718,0.006522176481420113,0.016896924308030074,0.08075999307466608,0.1299881698772241,0.001
MLP_2_dropout_01,10,0.07083973574311767,0.005974485720147315,0.017516227307078483,0.0772947974972916,0.1323488847972603,0.001
MLP_2_dropout_01,11,0.0566088955288064,0.0074589983858881015,0.01969196935651332,0.08636549302752866,0.14032807757720234,0.001
MLP_2_dropout_01,12,0.05045461721003872,0.004659257403467381,0.01797448156344803,0.068258753310234,0.13406894332188954,0.001
MLP_2_dropout_01,13,0.04623398317457878,0.005143947956605952,0.01997510718933686,0.07172132149232857,0.1413333194591313,0.001
MLP_2_dropout_01,14,0.04509703962974353,0.0036509504017622815,0.018026187966586407,0.06042309493697159,0.13426163996684387,0.001
MLP_2_dropout_01,15,0.04148461787055616,0.005335721572695156,0.0205182816239811,0.07304602366108066,0.14324203860592427,0.001
MLP_2_dropout_01,16,0.043227366388660586,0.004127728144336126,0.019058388879527537,0.06424739795770819,0.13805212377767875,0.001
MLP_2_dropout_01,17,0.036092641776146954,0.003371960289537987,0.017733159650304,0.05806858263758456,0.1331659102409622,0.001
MLP_2_dropout_01,18,0.035893479362130165,0.0032238447053474927,0.019007423456986035,0.05677891074463733,0.13786741259988175,0.001
MLP_2_dropout_01,19,0.03241522487712233,0.0028480213659150396,0.018485399286377546,0.05336685643650973,0.1359610212023194,0.001
MLP_2_dropout_01,20,0.030965865589678288,0.002343992775549788,0.018421529901511437,0.04841479913776146,0.13572593673101482,0.001
MLP_2_dropout_01,21,0.026045971537289554,0.0019231210348590335,0.01834228591455973,0.0438534039141665,0.13543369563945204,0.0005
MLP_2_dropout_01,22,0.02374772663700254,0.0020684415906567443,0.018883927463804316,0.04548012302816192,0.13741880316683128,0.0005
MLP_2_dropout_01,23,0.025741592815069304,0.00210760446764156,0.018976860205118455,0.04590865351588478,0.13775652509089525,0.0005
MLP_2_dropout_01,24,0.02245452581611398,0.001767839384432599,0.018270030156275475,0.0420456821140126,0.1351666754650549,0.0005
MLP_2_dropout_01,25,0.02437415764960524,0.0015992790680964019,0.018519608885624924,0.03999098733585359,0.13608676969354855,0.0005
MLP_2_dropout_01,26,0.023047138452019594,0.0015208613978744169,0.018629505939449464,0.038998223009188725,0.13648994812604137,0.0005
MLP_2_dropout_01,27,0.021585468815205847,0.0014686853304521886,0.018684234550859987,0.03832343056737208,0.13669028696604593,0.0005
MLP_2_dropout_01,28,0.019794701254122877,0.0013118536505447823,0.01859376370045163,0.036219520296999826,0.13635895166967085,0.0005
MLP_2_dropout_01,29,0.022008065874241804,0.001411226526899623,0.0191337576025051,0.037566295091472926,0.13832482641415134,0.0005
MLP_2_dropout_01,30,0.0223155385010863,0.0014286009530093768,0.018940724182450058,0.0377968378705068,0.13762530356896605,0.0005
MLP_2_dropout_01,31,0.025237996386338588,0.0018351074991366711,0.019011840208628075,0.04283815471208664,0.137883429782654,0.0005
MLP_2_dropout_01,32,0.02235843215699065,0.001385072981649051,0.01877078476714623,0.03721656864420807,0.13700651359386615,0.00025
MLP_2_dropout_01,33,0.019315795232988382,0.001190055388378172,0.019084205037855746,0.034497179426413574,0.1381455936244647,0.00025
MLP_2_dropout_01,34,0.01880276208258655,0.0010355429718972573,0.019039037232573074,0.03217985350956802,0.13798201778700395,0.00025
MLP_2_dropout_01,35,0.019022892548205102,0.0012001930729771339,0.01926205901910645,0.03464380280767592,0.13878782013961619,0.00025
MLP_2_dropout_01,36,0.01906278273983769,0.0010694461962997431,0.019074883813347415,0.032702388235413986,0.13811185254476682,0.00025
MLP_2_dropout_01,37,0.017217113521613488,0.0009342518524487786,0.018791964996974168,0.030565533734073395,0.13708378823542253,0.00025
MLP_2_dropout_01,38,0.01880785076534503,0.0008761927325734439,0.018739093771097115,0.029600552909927948,0.1368908096663071,0.00025
MLP_2_dropout_01,39,0.01737084831685236,0.0009952229230493818,0.018884821664242903,0.03154715396116394,0.13742205668757437,0.00025
MLP_2_dropout_01,40,0.01726823626724008,0.0009804344049369035,0.018763202139763412,0.03131188919463186,0.13697883829177196,0.00025
MLP_2_dropout_01,41,0.015784466549856206,0.0008970630847840805,0.01882332117417953,0.029951011415043742,0.13719810922231956,0.00025
MLP_2_dropout_01,42,0.01621858003766161,0.000918221173155528,0.018954893255910193,0.03030216449621261,0.13767677093798428,0.00025
MLP_2_dropout_01,43,0.016626438916954277,0.0007983354534379401,0.0187762130833604,0.02825483062129271,0.13702632259299816,0.000125
MLP_2_dropout_01,44,0.015110442210754303,0.0007661600654605806,0.018758910880335978,0.02767959655523506,0.13696317344576964,0.000125
MLP_2_dropout_01,45,0.016501688998039454,0.0008480474005456723,0.018848720562494346,0.02912125341645981,0.13729064266181562,0.000125
MLP_2_dropout_01,46,0.016161731087079603,0.000737045043840804,0.018675069750537336,0.027148573513921574,0.13665675889079668,0.000125
MLP_2_dropout_01,47,0.016045972296636398,0.0007668353674000226,0.018791309015973864,0.02769179241941595,0.1370813955866144,0.000125
MLP_2_dropout_01,48,0.017129456343716137,0.0007451027334567651,0.01889081575430829,0.027296569994355795,0.1374438640111238,0.000125
MLP_2_dropout_01,49,0.014534911319409332,0.0006820367308337433,0.018897543368618742,0.0261158329530908,0.13746833587637097,0.000125
MLP_2_dropout_03,1,0.5994604885169904,0.05137146313654364,0.05300779560823965,0.22665273688297619,0.23023421902106483,0.001
MLP_2_dropout_03,2,0.28395617171509624,0.02384620075605104,0.03104924965569829,0.15442215111845528,0.1762079727359074,0.001
MLP_2_dropout_03,3,0.18625559923175264,0.017183811977986144,0.022306236064299226,0.13108703970258137,0.14935272365879113,0.001
MLP_2_dropout_03,4,0.1445747510823485,0.01477459655601189,0.01899266511337218,0.12155079825328952,0.13781387852234686,0.001
MLP_2_dropout_03,5,0.1490196629542194,0.01301732937459355,0.018425970819510494,0.1140935115359044,0.1357422956175064,0.001
MLP_2_dropout_03,6,0.11877429071966916,0.012049494487997746,0.018637688341550485,0.10977018943227594,0.13651991921163184,0.001
MLP_2_dropout_03,7,0.12657927425756846,0.010676404857590768,0.01843178665997542,0.10332668995758437,0.13576371628669945,0.001
MLP_2_dropout_03,8,0.09958620461290829,0.012706582613845187,0.021182346255229054,0.11272347853861318,0.14554156195131704,0.001
MLP_2_dropout_03,9,0.1020800967330802,0.010587050659911553,0.019462024851819127,0.10289339463693262,0.13950636133101288,0.001
MLP_2_dropout_03,10,0.11429481616575424,0.008307326333630844,0.017455420953276887,0.09114453540191449,0.13211896515367083,0.001
MLP_2_dropout_03,11,0.09903818960875681,0.008201431288381135,0.018784233036588306,0.0905617540045528,0.13705558374830376,0.001
MLP_2_dropout_03,12,0.08508958728754357,0.007467297685195843,0.018050377937224464,0.08641352721186564,0.13435169495478821,0.001
MLP_2_dropout_03,13,0.08413535121777287,0.006759065781758891,0.018457540634199094,0.08221353770370723,0.13585853169455017,0.001
MLP_2_dropout_03,14,0.08259409660958264,0.0062367157739513625,0.01891215579407321,0.07897287999023059,0.13752147393797526,0.001
MLP_2_dropout_03,15,0.07586391326295186,0.0075110131361826775,0.020655587733027222,0.08666610142485168,0.14372051952670928,0.001
MLP_2_dropout_03,16,0.06885277051223468,0.005287532629680916,0.0183467563631107,0.07271542222720649,0.1354501988300892,0.001
MLP_2_dropout_03,17,0.06631142880818615,0.0045782654710260565,0.017603126894876767,0.0676628810429031,0.13267677601930478,0.001
MLP_2_dropout_03,18,0.06702941472399725,0.004471724238561427,0.017698914430975137,0.06687095212841991,0.13303726707571506,0.001
MLP_2_dropout_03,19,0.06651126011593701,0.004799466296988873,0.01838211244718637,0.06927818052596989,0.13558064923574592,0.001
MLP_2_dropout_03,20,0.06654855221101683,0.004414911196343823,0.018411955181574218,0.06644479811350038,0.1356906598907022,0.001
MLP_2_dropout_03,21,0.0697806599001362,0.0037239472854005864,0.017952445993329832,0.06102415329523701,0.13398673812482276,0.001
MLP_2_dropout_03,22,0.05875376387409968,0.003938122954649916,0.018709738310790685,0.06275446561520476,0.13678354546797902,0.0005
MLP_2_dropout_03,23,0.05444898966648807,0.0036879482099851832,0.018150184487627605,0.060728479397933084,0.13472262054914017,0.0005
MLP_2_dropout_03,24,0.05519915494608552,0.004018740592487571,0.018335962854524674,0.06339353746627152,0.13541034987963319,0.0005
MLP_2_dropout_03,25,0.05681095098795956,0.0037268595830531725,0.018506728423159757,0.06104801047579825,0.13603943701427082,0.0005
MLP_2_dropout_03,26,0.059668967985127074,0.0030419401124463876,0.017914364548634112,0.05515378602096494,0.1338445536756506,0.0005
MLP_2_dropout_03,27,0.04901789986107447,0.0027379716057295326,0.01770957076011858,0.05232563048573359,0.1330773112146416,0.0005
MLP_2_dropout_03,28,0.051990224278136474,0.002812026555054218,0.017845466708160857,0.05302854471936994,0.13358692566325814,0.0005
MLP_2_dropout_03,29,0.05173579588124197,0.0030800839365639986,0.018437889445028097,0.05549850391284434,0.13578619018526183,0.0005
MLP_2_dropout_03,30,0.05162298822239654,0.0028469515228449977,0.018511969060792322,0.05335683201657495,0.1360586971155917,0.0005
MLP_2_dropout_03,31,0.06434171014044383,0.0032755447352194387,0.019249676308547188,0.05723237488711646,0.13874320274718754,0.0005
MLP_2_dropout_03,32,0.04877660188772907,0.0028020350291645705,0.018730865054843362,0.05293425194677422,0.13686075060017522,0.0005
MLP_2_dropout_03,33,0.048791837610610546,0.002520516660646348,0.018672398995539387,0.05020474739152014,0.13664698677811885,0.00025
MLP_2_dropout_03,34,0.04918258300382797,0.00214579404606697,0.01824016757403788,0.046322716307088146,0.13505616451698116,0.00025
MLP_2_dropout_03,35,0.041472336507006866,0.002170964453441039,0.018406125180186823,0.04659360957729117,0.13566917549755664,0.00025
MLP_2_dropout_03,36,0.04626153537059483,0.002327401255942098,0.01869066112983711,0.04824314724333496,0.13671379275638984,0.00025
MLP_2_dropout_03,37,0.046938257674648334,0.0022977901915409785,0.018559218664137535,0.04793527085081484,0.13623222329587642,0.00025
MLP_2_dropout_03,38,0.04932368033859011,0.0021497902032374685,0.018454910150735346,0.046365830125615876,0.13584885038429786,0.00025
MLP_2_dropout_03,39,0.04148924330325976,0.0021590031483195455,0.018442249293279905,0.04646507450031201,0.13580224332933497,0.00025
MLP_2_dropout_03,40,0.046524890685734684,0.0020519145781123602,0.01815344899981156,0.04529806373469356,0.13473473568390432,0.00025
MLP_2_dropout_03,41,0.04467435318925609,0.00220529097269285,0.018329964213088294,0.04696052568586567,0.13538819820460088,0.00025
MLP_2_dropout_03,42,0.04315858209276036,0.001984066434727857,0.018223066939909646,0.04454286064823247,0.1349928403283287,0.00025
MLP_2_dropout_03,43,0.040696576263194215,0.0022491248552225745,0.01848970661267361,0.04742493916941354,0.13597686057809105,0.00025
MLP_2_dropout_03,44,0.042592892397756446,0.0018226635938818816,0.01812804124259178,0.042692664403640605,0.13464041459603346,0.000125
MLP_2_dropout_03,45,0.039608117601234616,0.0020412432321097293,0.01847207857667879,0.04518011987710667,0.13591202513640502,0.000125
MLP_2_dropout_03,46,0.043044903506971384,0.001825896801560755,0.018331984471290783,0.04273051370579056,0.1353956589824459,0.000125
MLP_2_dropout_03,47,0.04186405864072173,0.0017937900802379866,0.018229353529168078,0.042353159034928985,0.13501612321929585,0.000125
MLP_2_dropout_03,48,0.04107875133264963,0.0016181482976556799,0.01813662430300838,0.04022621406068038,0.1346722848362215,0.000125
MLP_2_dropout_03,49,0.04259083917594119,0.0016271795325564766,0.018202097135637446,0.04033831345701598,0.13491514791022335,0.000125
MLP_2_dropout_03,50,0.03842409143913282,0.001636084206733397,0.018336550413966004,0.040448537757666804,0.1354125194137012,0.000125
