model,cv_rmse_mean,cv_rmse_std,status,best_params
GradientBoosting (Tuned),0.12915,0.02309,Tuned,"{""regressor__learning_rate"": 0.05, ""regressor__max_depth"": 3, ""regressor__n_estimators"": 300, ""regressor__subsample"": 0.8}"
GradientBoosting,0.13361,0.0196,Baseline,"{""n_estimators"": 100, ""learning_rate"": 0.1, ""max_depth"": 3}"
HistGradientBoosting,0.1353,0.01828,Baseline,"{""max_iter"": 100}"
RandomForest (Tuned),0.13977,0.01725,Tuned,"{""regressor__max_depth"": null, ""regressor__max_features"": 0.5, ""regressor__min_samples_split"": 2, ""regressor__n_estimators"": 300}"
ElasticNet,0.14285,0.04202,Baseline,"{""alpha"": 0.001, ""l1_ratio"": 0.5, ""max_iter"": 5000}"
ExtraTrees,0.14388,0.0117,Baseline,"{""n_estimators"": 100}"
Lasso,0.14428,0.04247,Baseline,"{""alpha"": 0.001, ""max_iter"": 5000}"
RandomForest,0.14523,0.01921,Baseline,"{""n_estimators"": 100}"
Ridge (Tuned),0.14655,0.03997,Tuned,"{""regressor__alpha"": 30.0}"
Ridge,0.14678,0.03933,Baseline,"{""alpha"": 10.0}"
LinearRegression,0.15274,0.04702,Baseline,"{""fit_intercept"": true}"
DecisionTree,0.20913,0.01846,Baseline,"{""criterion"": ""squared_error""}"
DummyRegressor,0.39878,0.02513,Baseline,"{""strategy"": ""mean""}"
